Titulo da vaga,Empresa,Link da vaga
TECNICO DE MANUTENÇÃO,N/A,https://www.infojobs.com.br/vaga-de-tecnico-manutencao-em-distrito-federal__10535001.aspx
Programador Javascript - Pleno,N/A,https://www.infojobs.com.br/vaga-de-programador-javascript-pleno-em-goias__10578088.aspx
Programador,N/A,https://www.infojobs.com.br/vaga-de-programador-em-rio-janeiro__10576133.aspx
,N/A,https://www.infojobs.com.br/vaga-de-programador-delphi-radstudio-em-parana__10095353.aspx
,N/A,https://www.infojobs.com.br/vaga-de-programador-pleno-em-sao-paulo__10569415.aspx
,N/A,https://www.infojobs.com.br/vaga-de-programador-i-em-mato-grosso-do-sul__10560577.aspx
,N/A,https://www.infojobs.com.br/vaga-de-programador-cnc-corte-plasma-oxicorte-em-rio-grande-do-sul__10508216.aspx
,N/A,https://www.infojobs.com.br/vaga-de-programador-cnc-em-rio-grande-do-sul__10298968.aspx
,N/A,https://www.infojobs.com.br/vaga-de-programador-cnc-em-parana__10568149.aspx
,N/A,https://www.infojobs.com.br/vaga-de-programador-cnc-1267-em-parana__10526124.aspx
,N/A,https://www.infojobs.com.br/vaga-de-programador-cnc-em-sao-paulo__10562456.aspx
,N/A,https://www.infojobs.com.br/vaga-de-programador-cnc-em-santa-catarina__10281332.aspx
,N/A,https://www.infojobs.com.br/vaga-de-programador-cnc-em-parana__10304035.aspx
,N/A,https://www.infojobs.com.br/vaga-de-programador-cnc-em-sao-paulo__10559247.aspx
,N/A,https://www.infojobs.com.br/vaga-de-operador-programador-cnc-em-sao-paulo__10559688.aspx
,N/A,https://www.infojobs.com.br/vaga-de-programador-cnc-em-sao-paulo__10559462.aspx
,N/A,https://www.infojobs.com.br/vaga-de-auxiliar-programacao-radio-frequencia-em-sao-paulo__10576448.aspx
,N/A,https://www.infojobs.com.br/vaga-de-programador-clp-em-sao-paulo__10575942.aspx
,N/A,https://www.infojobs.com.br/vaga-de-programador-transporte-em-santa-catarina__10557405.aspx
,N/A,https://www.infojobs.com.br/vaga-de-estagio-suporte-ti-enfase-programacao-em-rio-grande-do-sul__10526936.aspx
